-- Seed stage rules
INSERT INTO assessment_stage_rule (id, stage_code, stage_name, start_difficulty, min_difficulty, max_difficulty, route_question_count, core_question_count, anchor_question_count, stop_confidence, result_mapping_json, rule_version, status, created_at, updated_at) VALUES
(1, 'K3', '幼儿园大班', 1.50, 1.00, 3.50, 2, 4, 2, 75.00, '[{"scoreMin": 0, "scoreMax": 39, "vocabMin": 300, "vocabMax": 800, "estimatedStage": "K3"}, {"scoreMin": 40, "scoreMax": 54, "vocabMin": 800, "vocabMax": 1500, "estimatedStage": "P1_2"}, {"scoreMin": 55, "scoreMax": 69, "vocabMin": 1500, "vocabMax": 2600, "estimatedStage": "P3_4"}, {"scoreMin": 70, "scoreMax": 84, "vocabMin": 2600, "vocabMax": 4000, "estimatedStage": "P5_6"}, {"scoreMin": 85, "scoreMax": 100, "vocabMin": 4000, "vocabMax": 6000, "estimatedStage": "J7_9"}]', 'RULE_V1', 1, '2026-03-20 00:00:00', '2026-03-20 00:00:00'),
(2, 'P1_2', '小学一至二年级', 2.50, 1.50, 5.00, 2, 4, 2, 75.00, '[{"scoreMin": 0, "scoreMax": 39, "vocabMin": 300, "vocabMax": 800, "estimatedStage": "K3"}, {"scoreMin": 40, "scoreMax": 54, "vocabMin": 800, "vocabMax": 1500, "estimatedStage": "P1_2"}, {"scoreMin": 55, "scoreMax": 69, "vocabMin": 1500, "vocabMax": 2600, "estimatedStage": "P3_4"}, {"scoreMin": 70, "scoreMax": 84, "vocabMin": 2600, "vocabMax": 4000, "estimatedStage": "P5_6"}, {"scoreMin": 85, "scoreMax": 100, "vocabMin": 4000, "vocabMax": 6000, "estimatedStage": "J7_9"}]', 'RULE_V1', 1, '2026-03-20 00:00:00', '2026-03-20 00:00:00'),
(3, 'P3_4', '小学三至四年级', 4.20, 3.00, 6.50, 2, 4, 2, 75.00, '[{"scoreMin": 0, "scoreMax": 39, "vocabMin": 300, "vocabMax": 800, "estimatedStage": "K3"}, {"scoreMin": 40, "scoreMax": 54, "vocabMin": 800, "vocabMax": 1500, "estimatedStage": "P1_2"}, {"scoreMin": 55, "scoreMax": 69, "vocabMin": 1500, "vocabMax": 2600, "estimatedStage": "P3_4"}, {"scoreMin": 70, "scoreMax": 84, "vocabMin": 2600, "vocabMax": 4000, "estimatedStage": "P5_6"}, {"scoreMin": 85, "scoreMax": 100, "vocabMin": 4000, "vocabMax": 6000, "estimatedStage": "J7_9"}]', 'RULE_V1', 1, '2026-03-20 00:00:00', '2026-03-20 00:00:00'),
(4, 'P5_6', '小学五至六年级', 5.80, 4.50, 8.00, 2, 4, 2, 75.00, '[{"scoreMin": 0, "scoreMax": 39, "vocabMin": 300, "vocabMax": 800, "estimatedStage": "K3"}, {"scoreMin": 40, "scoreMax": 54, "vocabMin": 800, "vocabMax": 1500, "estimatedStage": "P1_2"}, {"scoreMin": 55, "scoreMax": 69, "vocabMin": 1500, "vocabMax": 2600, "estimatedStage": "P3_4"}, {"scoreMin": 70, "scoreMax": 84, "vocabMin": 2600, "vocabMax": 4000, "estimatedStage": "P5_6"}, {"scoreMin": 85, "scoreMax": 100, "vocabMin": 4000, "vocabMax": 6000, "estimatedStage": "J7_9"}]', 'RULE_V1', 1, '2026-03-20 00:00:00', '2026-03-20 00:00:00'),
(5, 'J7_9', '初中七至九年级', 7.20, 6.00, 10.00, 2, 4, 2, 75.00, '[{"scoreMin": 0, "scoreMax": 39, "vocabMin": 300, "vocabMax": 800, "estimatedStage": "K3"}, {"scoreMin": 40, "scoreMax": 54, "vocabMin": 800, "vocabMax": 1500, "estimatedStage": "P1_2"}, {"scoreMin": 55, "scoreMax": 69, "vocabMin": 1500, "vocabMax": 2600, "estimatedStage": "P3_4"}, {"scoreMin": 70, "scoreMax": 84, "vocabMin": 2600, "vocabMax": 4000, "estimatedStage": "P5_6"}, {"scoreMin": 85, "scoreMax": 100, "vocabMin": 4000, "vocabMax": 6000, "estimatedStage": "J7_9"}]', 'RULE_V1', 1, '2026-03-20 00:00:00', '2026-03-20 00:00:00');

-- Seed students
INSERT INTO student_profile (id, student_name, grade_code, birth_year, created_at, updated_at) VALUES
(1, '林小芽', 'P2', 2018, '2026-03-20 00:00:00', '2026-03-20 00:00:00'),
(2, '周子墨', 'P4', 2016, '2026-03-20 00:00:00', '2026-03-20 00:00:00'),
(3, '陈思远', 'J8', 2012, '2026-03-20 00:00:00', '2026-03-20 00:00:00');

-- Seed assessment items
INSERT INTO assessment_item (id, item_code, stage_code, question_type, ability_type, word_text, stem_text, stem_audio_url, stem_image_url, difficulty_score, discrimination_score, is_anchor, review_status, bank_version, content_source, status, created_at, updated_at) VALUES
(1, 'K3_001', 'K3', 'WORD_TO_CN', 'READING', 'apple', '请选择 apple 的中文意思', NULL, NULL, 1.20, NULL, 0, 'APPROVED', 'v1_seed', 'MANUAL', 1, '2026-03-20 00:00:00', '2026-03-20 00:00:00'),
(2, 'K3_002', 'K3', 'IMAGE_TO_WORD', 'READING', 'cat', '看图选出正确英文单词', NULL, 'https://example.com/assets/k3/cat.png', 1.40, NULL, 0, 'APPROVED', 'v1_seed', 'MANUAL', 1, '2026-03-20 00:00:00', '2026-03-20 00:00:00'),
(3, 'K3_003', 'K3', 'AUDIO_CHOICE', 'LISTENING', 'milk', '听音后选择你听到的词义', 'https://example.com/assets/k3/milk.mp3', NULL, 1.80, NULL, 0, 'APPROVED', 'v1_seed', 'MANUAL', 1, '2026-03-20 00:00:00', '2026-03-20 00:00:00'),
(4, 'K3_004', 'K3', 'CONTEXT_CHOICE', 'CONTEXT', 'happy', 'The girl is ____ because she gets a gift.', NULL, NULL, 2.00, NULL, 0, 'APPROVED', 'v1_seed', 'MANUAL', 1, '2026-03-20 00:00:00', '2026-03-20 00:00:00'),
(5, 'K3_005', 'K3', 'IMAGE_TO_WORD', 'READING', 'school', '看图选词：这个地方是哪里？', NULL, 'https://example.com/assets/k3/school.png', 2.20, NULL, 0, 'APPROVED', 'v1_seed', 'MANUAL', 1, '2026-03-20 00:00:00', '2026-03-20 00:00:00'),
(6, 'K3_006', 'K3', 'AUDIO_CHOICE', 'LISTENING', 'run', '听音选出对应动作', 'https://example.com/assets/k3/run.mp3', NULL, 2.50, NULL, 0, 'APPROVED', 'v1_seed', 'MANUAL', 1, '2026-03-20 00:00:00', '2026-03-20 00:00:00'),
(7, 'K3_007', 'K3', 'CONTEXT_CHOICE', 'CONTEXT', 'sunny', 'It is ____ today, so we can play outside.', NULL, NULL, 2.70, NULL, 0, 'APPROVED', 'v1_seed', 'MANUAL', 1, '2026-03-20 00:00:00', '2026-03-20 00:00:00'),
(8, 'K3_008', 'K3', 'WORD_TO_CN', 'READING', 'teacher', '请选择 teacher 的中文意思', NULL, NULL, 2.90, NULL, 0, 'APPROVED', 'v1_seed', 'MANUAL', 1, '2026-03-20 00:00:00', '2026-03-20 00:00:00'),
(9, 'K3_009', 'K3', 'WORD_TO_CN', 'READING', 'banana', '请选择 banana 的中文意思', NULL, NULL, 2.60, NULL, 1, 'APPROVED', 'v1_seed', 'MANUAL', 1, '2026-03-20 00:00:00', '2026-03-20 00:00:00'),
(10, 'K3_010', 'K3', 'AUDIO_CHOICE', 'LISTENING', 'dog', '听音后选择正确中文', 'https://example.com/assets/k3/dog.mp3', NULL, 3.20, NULL, 1, 'APPROVED', 'v1_seed', 'MANUAL', 1, '2026-03-20 00:00:00', '2026-03-20 00:00:00'),
(11, 'P1_2_011', 'P1_2', 'WORD_TO_CN', 'READING', 'library', '请选择 library 的中文意思', NULL, NULL, 2.10, NULL, 0, 'APPROVED', 'v1_seed', 'MANUAL', 1, '2026-03-20 00:00:00', '2026-03-20 00:00:00'),
(12, 'P1_2_012', 'P1_2', 'IMAGE_TO_WORD', 'READING', 'orange', '看图选词：哪一个是橙子？', NULL, 'https://example.com/assets/p12/orange.png', 2.40, NULL, 0, 'APPROVED', 'v1_seed', 'MANUAL', 1, '2026-03-20 00:00:00', '2026-03-20 00:00:00'),
(13, 'P1_2_013', 'P1_2', 'AUDIO_CHOICE', 'LISTENING', 'breakfast', '听音选择正确中文', 'https://example.com/assets/p12/breakfast.mp3', NULL, 2.70, NULL, 0, 'APPROVED', 'v1_seed', 'MANUAL', 1, '2026-03-20 00:00:00', '2026-03-20 00:00:00'),
(14, 'P1_2_014', 'P1_2', 'CONTEXT_CHOICE', 'CONTEXT', 'clean', 'Please keep the classroom ____.', NULL, NULL, 3.00, NULL, 0, 'APPROVED', 'v1_seed', 'MANUAL', 1, '2026-03-20 00:00:00', '2026-03-20 00:00:00'),
(15, 'P1_2_015', 'P1_2', 'IMAGE_TO_WORD', 'READING', 'river', '看图选词：这条自然景物是什么？', NULL, 'https://example.com/assets/p12/river.png', 3.20, NULL, 0, 'APPROVED', 'v1_seed', 'MANUAL', 1, '2026-03-20 00:00:00', '2026-03-20 00:00:00'),
(16, 'P1_2_016', 'P1_2', 'AUDIO_CHOICE', 'LISTENING', 'Monday', '听音选择正确中文', 'https://example.com/assets/p12/monday.mp3', NULL, 3.50, NULL, 0, 'APPROVED', 'v1_seed', 'MANUAL', 1, '2026-03-20 00:00:00', '2026-03-20 00:00:00'),
(17, 'P1_2_017', 'P1_2', 'CONTEXT_CHOICE', 'CONTEXT', 'thirsty', 'After running, I feel very ____.', NULL, NULL, 3.80, NULL, 0, 'APPROVED', 'v1_seed', 'MANUAL', 1, '2026-03-20 00:00:00', '2026-03-20 00:00:00'),
(18, 'P1_2_018', 'P1_2', 'WORD_TO_CN', 'READING', 'notebook', '请选择 notebook 的中文意思', NULL, NULL, 4.10, NULL, 0, 'APPROVED', 'v1_seed', 'MANUAL', 1, '2026-03-20 00:00:00', '2026-03-20 00:00:00'),
(19, 'P1_2_019', 'P1_2', 'CONTEXT_CHOICE', 'CONTEXT', 'careful', 'Be ____ when you cross the street.', NULL, NULL, 4.30, NULL, 1, 'APPROVED', 'v1_seed', 'MANUAL', 1, '2026-03-20 00:00:00', '2026-03-20 00:00:00'),
(20, 'P1_2_020', 'P1_2', 'IMAGE_TO_WORD', 'READING', 'pencil case', '看图选词：这件学习用品是什么？', NULL, 'https://example.com/assets/p12/pencil-case.png', 4.70, NULL, 1, 'APPROVED', 'v1_seed', 'MANUAL', 1, '2026-03-20 00:00:00', '2026-03-20 00:00:00'),
(21, 'P3_4_021', 'P3_4', 'WORD_TO_CN', 'READING', 'mountain', '请选择 mountain 的中文意思', NULL, NULL, 3.10, NULL, 0, 'APPROVED', 'v1_seed', 'MANUAL', 1, '2026-03-20 00:00:00', '2026-03-20 00:00:00'),
(22, 'P3_4_022', 'P3_4', 'IMAGE_TO_WORD', 'READING', 'calendar', '看图选词：这是什么？', NULL, 'https://example.com/assets/p34/calendar.png', 3.50, NULL, 0, 'APPROVED', 'v1_seed', 'MANUAL', 1, '2026-03-20 00:00:00', '2026-03-20 00:00:00'),
(23, 'P3_4_023', 'P3_4', 'AUDIO_CHOICE', 'LISTENING', 'umbrella', '听音选择正确中文', 'https://example.com/assets/p34/umbrella.mp3', NULL, 3.80, NULL, 0, 'APPROVED', 'v1_seed', 'MANUAL', 1, '2026-03-20 00:00:00', '2026-03-20 00:00:00'),
(24, 'P3_4_024', 'P3_4', 'CONTEXT_CHOICE', 'CONTEXT', 'borrow', 'Can I ____ your ruler for a minute?', NULL, NULL, 4.10, NULL, 0, 'APPROVED', 'v1_seed', 'MANUAL', 1, '2026-03-20 00:00:00', '2026-03-20 00:00:00'),
(25, 'P3_4_025', 'P3_4', 'IMAGE_TO_WORD', 'READING', 'science museum', '看图选词：这个地方是什么？', NULL, 'https://example.com/assets/p34/science-museum.png', 4.50, NULL, 0, 'APPROVED', 'v1_seed', 'MANUAL', 1, '2026-03-20 00:00:00', '2026-03-20 00:00:00'),
(26, 'P3_4_026', 'P3_4', 'AUDIO_CHOICE', 'LISTENING', 'whisper', '听音选择你听到的动作', 'https://example.com/assets/p34/whisper.mp3', NULL, 4.80, NULL, 0, 'APPROVED', 'v1_seed', 'MANUAL', 1, '2026-03-20 00:00:00', '2026-03-20 00:00:00'),
(27, 'P3_4_027', 'P3_4', 'CONTEXT_CHOICE', 'CONTEXT', 'delicious', 'The soup smells ____.', NULL, NULL, 5.10, NULL, 0, 'APPROVED', 'v1_seed', 'MANUAL', 1, '2026-03-20 00:00:00', '2026-03-20 00:00:00'),
(28, 'P3_4_028', 'P3_4', 'WORD_TO_CN', 'READING', 'careful', '请选择 careful 的中文意思', NULL, NULL, 5.40, NULL, 0, 'APPROVED', 'v1_seed', 'MANUAL', 1, '2026-03-20 00:00:00', '2026-03-20 00:00:00'),
(29, 'P3_4_029', 'P3_4', 'CONTEXT_CHOICE', 'CONTEXT', 'journey', 'The journey took three hours by train.', NULL, NULL, 5.70, NULL, 1, 'APPROVED', 'v1_seed', 'MANUAL', 1, '2026-03-20 00:00:00', '2026-03-20 00:00:00'),
(30, 'P3_4_030', 'P3_4', 'AUDIO_CHOICE', 'LISTENING', 'interview', '听音选择正确中文', 'https://example.com/assets/p34/interview.mp3', NULL, 6.20, NULL, 1, 'APPROVED', 'v1_seed', 'MANUAL', 1, '2026-03-20 00:00:00', '2026-03-20 00:00:00'),
(31, 'P5_6_031', 'P5_6', 'WORD_TO_CN', 'READING', 'recycle', '请选择 recycle 的中文意思', NULL, NULL, 4.60, NULL, 0, 'APPROVED', 'v1_seed', 'MANUAL', 1, '2026-03-20 00:00:00', '2026-03-20 00:00:00'),
(32, 'P5_6_032', 'P5_6', 'IMAGE_TO_WORD', 'READING', 'festival', '看图选词：这是哪类活动？', NULL, 'https://example.com/assets/p56/festival.png', 4.90, NULL, 0, 'APPROVED', 'v1_seed', 'MANUAL', 1, '2026-03-20 00:00:00', '2026-03-20 00:00:00'),
(33, 'P5_6_033', 'P5_6', 'AUDIO_CHOICE', 'LISTENING', 'volunteer', '听音选择正确中文', 'https://example.com/assets/p56/volunteer.mp3', NULL, 5.20, NULL, 0, 'APPROVED', 'v1_seed', 'MANUAL', 1, '2026-03-20 00:00:00', '2026-03-20 00:00:00'),
(34, 'P5_6_034', 'P5_6', 'CONTEXT_CHOICE', 'CONTEXT', 'predict', 'Scientists try to ____ the weather for tomorrow.', NULL, NULL, 5.60, NULL, 0, 'APPROVED', 'v1_seed', 'MANUAL', 1, '2026-03-20 00:00:00', '2026-03-20 00:00:00'),
(35, 'P5_6_035', 'P5_6', 'IMAGE_TO_WORD', 'READING', 'experiment', '看图选词：实验台上的活动是什么？', NULL, 'https://example.com/assets/p56/experiment.png', 5.90, NULL, 0, 'APPROVED', 'v1_seed', 'MANUAL', 1, '2026-03-20 00:00:00', '2026-03-20 00:00:00'),
(36, 'P5_6_036', 'P5_6', 'AUDIO_CHOICE', 'LISTENING', 'convenient', '听音选择最接近的中文意思', 'https://example.com/assets/p56/convenient.mp3', NULL, 6.20, NULL, 0, 'APPROVED', 'v1_seed', 'MANUAL', 1, '2026-03-20 00:00:00', '2026-03-20 00:00:00'),
(37, 'P5_6_037', 'P5_6', 'CONTEXT_CHOICE', 'CONTEXT', 'nervous', 'I felt ____ before giving the speech.', NULL, NULL, 6.50, NULL, 0, 'APPROVED', 'v1_seed', 'MANUAL', 1, '2026-03-20 00:00:00', '2026-03-20 00:00:00'),
(38, 'P5_6_038', 'P5_6', 'WORD_TO_CN', 'READING', 'ancient', '请选择 ancient 的中文意思', NULL, NULL, 6.90, NULL, 0, 'APPROVED', 'v1_seed', 'MANUAL', 1, '2026-03-20 00:00:00', '2026-03-20 00:00:00'),
(39, 'P5_6_039', 'P5_6', 'CONTEXT_CHOICE', 'CONTEXT', 'solution', 'We need a better solution to this problem.', NULL, NULL, 7.20, NULL, 1, 'APPROVED', 'v1_seed', 'MANUAL', 1, '2026-03-20 00:00:00', '2026-03-20 00:00:00'),
(40, 'P5_6_040', 'P5_6', 'AUDIO_CHOICE', 'LISTENING', 'climate', '听音选择正确中文', 'https://example.com/assets/p56/climate.mp3', NULL, 7.70, NULL, 1, 'APPROVED', 'v1_seed', 'MANUAL', 1, '2026-03-20 00:00:00', '2026-03-20 00:00:00'),
(41, 'J7_9_041', 'J7_9', 'WORD_TO_CN', 'READING', 'conclusion', '请选择 conclusion 的中文意思', NULL, NULL, 6.20, NULL, 0, 'APPROVED', 'v1_seed', 'MANUAL', 1, '2026-03-20 00:00:00', '2026-03-20 00:00:00'),
(42, 'J7_9_042', 'J7_9', 'IMAGE_TO_WORD', 'READING', 'atmosphere', '看图选词：演唱会现场给人的感觉是？', NULL, 'https://example.com/assets/j79/atmosphere.png', 6.60, NULL, 0, 'APPROVED', 'v1_seed', 'MANUAL', 1, '2026-03-20 00:00:00', '2026-03-20 00:00:00'),
(43, 'J7_9_043', 'J7_9', 'AUDIO_CHOICE', 'LISTENING', 'efficient', '听音选择正确中文', 'https://example.com/assets/j79/efficient.mp3', NULL, 7.00, NULL, 0, 'APPROVED', 'v1_seed', 'MANUAL', 1, '2026-03-20 00:00:00', '2026-03-20 00:00:00'),
(44, 'J7_9_044', 'J7_9', 'CONTEXT_CHOICE', 'CONTEXT', 'maintain', 'It is hard to ____ a healthy habit without a plan.', NULL, NULL, 7.30, NULL, 0, 'APPROVED', 'v1_seed', 'MANUAL', 1, '2026-03-20 00:00:00', '2026-03-20 00:00:00'),
(45, 'J7_9_045', 'J7_9', 'IMAGE_TO_WORD', 'READING', 'translate', '看图选词：这个人在做什么？', NULL, 'https://example.com/assets/j79/translate.png', 7.60, NULL, 0, 'APPROVED', 'v1_seed', 'MANUAL', 1, '2026-03-20 00:00:00', '2026-03-20 00:00:00'),
(46, 'J7_9_046', 'J7_9', 'AUDIO_CHOICE', 'LISTENING', 'evidence', '听音选择最合适的中文', 'https://example.com/assets/j79/evidence.mp3', NULL, 8.00, NULL, 0, 'APPROVED', 'v1_seed', 'MANUAL', 1, '2026-03-20 00:00:00', '2026-03-20 00:00:00'),
(47, 'J7_9_047', 'J7_9', 'CONTEXT_CHOICE', 'CONTEXT', 'despite', '____ the heavy rain, the match continued.', NULL, NULL, 8.30, NULL, 0, 'APPROVED', 'v1_seed', 'MANUAL', 1, '2026-03-20 00:00:00', '2026-03-20 00:00:00'),
(48, 'J7_9_048', 'J7_9', 'WORD_TO_CN', 'READING', 'appreciate', '请选择 appreciate 的中文意思', NULL, NULL, 8.70, NULL, 0, 'APPROVED', 'v1_seed', 'MANUAL', 1, '2026-03-20 00:00:00', '2026-03-20 00:00:00'),
(49, 'J7_9_049', 'J7_9', 'CONTEXT_CHOICE', 'CONTEXT', 'analyze', 'We need to analyze the data before making a decision.', NULL, NULL, 9.00, NULL, 1, 'APPROVED', 'v1_seed', 'MANUAL', 1, '2026-03-20 00:00:00', '2026-03-20 00:00:00'),
(50, 'J7_9_050', 'J7_9', 'AUDIO_CHOICE', 'LISTENING', 'hesitate', '听音选择正确中文', 'https://example.com/assets/j79/hesitate.mp3', NULL, 9.60, NULL, 1, 'APPROVED', 'v1_seed', 'MANUAL', 1, '2026-03-20 00:00:00', '2026-03-20 00:00:00');

-- Seed assessment item options
INSERT INTO assessment_item_option (id, item_id, option_key, option_text, option_audio_url, option_image_url, is_correct, sort_no, created_at) VALUES
(1001, 1, 'A', '苹果', NULL, NULL, 1, 1, '2026-03-20 00:00:00'),
(1002, 1, 'B', '香蕉', NULL, NULL, 0, 2, '2026-03-20 00:00:00'),
(1003, 1, 'C', '桌子', NULL, NULL, 0, 3, '2026-03-20 00:00:00'),
(1004, 1, 'D', '汽车', NULL, NULL, 0, 4, '2026-03-20 00:00:00'),
(1005, 2, 'A', 'cat', NULL, NULL, 1, 1, '2026-03-20 00:00:00'),
(1006, 2, 'B', 'cap', NULL, NULL, 0, 2, '2026-03-20 00:00:00'),
(1007, 2, 'C', 'cake', NULL, NULL, 0, 3, '2026-03-20 00:00:00'),
(1008, 2, 'D', 'car', NULL, NULL, 0, 4, '2026-03-20 00:00:00'),
(1009, 3, 'A', '牛奶', NULL, NULL, 1, 1, '2026-03-20 00:00:00'),
(1010, 3, 'B', '果汁', NULL, NULL, 0, 2, '2026-03-20 00:00:00'),
(1011, 3, 'C', '面包', NULL, NULL, 0, 3, '2026-03-20 00:00:00'),
(1012, 3, 'D', '水', NULL, NULL, 0, 4, '2026-03-20 00:00:00'),
(1013, 4, 'A', 'happy', NULL, NULL, 1, 1, '2026-03-20 00:00:00'),
(1014, 4, 'B', 'hungry', NULL, NULL, 0, 2, '2026-03-20 00:00:00'),
(1015, 4, 'C', 'sleepy', NULL, NULL, 0, 3, '2026-03-20 00:00:00'),
(1016, 4, 'D', 'angry', NULL, NULL, 0, 4, '2026-03-20 00:00:00'),
(1017, 5, 'A', 'shop', NULL, NULL, 0, 1, '2026-03-20 00:00:00'),
(1018, 5, 'B', 'school', NULL, NULL, 1, 2, '2026-03-20 00:00:00'),
(1019, 5, 'C', 'park', NULL, NULL, 0, 3, '2026-03-20 00:00:00'),
(1020, 5, 'D', 'home', NULL, NULL, 0, 4, '2026-03-20 00:00:00'),
(1021, 6, 'A', '唱歌', NULL, NULL, 0, 1, '2026-03-20 00:00:00'),
(1022, 6, 'B', '跳', NULL, NULL, 0, 2, '2026-03-20 00:00:00'),
(1023, 6, 'C', '跑', NULL, NULL, 1, 3, '2026-03-20 00:00:00'),
(1024, 6, 'D', '睡觉', NULL, NULL, 0, 4, '2026-03-20 00:00:00'),
(1025, 7, 'A', 'sunny', NULL, NULL, 1, 1, '2026-03-20 00:00:00'),
(1026, 7, 'B', 'rainy', NULL, NULL, 0, 2, '2026-03-20 00:00:00'),
(1027, 7, 'C', 'windy', NULL, NULL, 0, 3, '2026-03-20 00:00:00'),
(1028, 7, 'D', 'cloudy', NULL, NULL, 0, 4, '2026-03-20 00:00:00'),
(1029, 8, 'A', '老师', NULL, NULL, 1, 1, '2026-03-20 00:00:00'),
(1030, 8, 'B', '学生', NULL, NULL, 0, 2, '2026-03-20 00:00:00'),
(1031, 8, 'C', '医生', NULL, NULL, 0, 3, '2026-03-20 00:00:00'),
(1032, 8, 'D', '警察', NULL, NULL, 0, 4, '2026-03-20 00:00:00'),
(1033, 9, 'A', '草莓', NULL, NULL, 0, 1, '2026-03-20 00:00:00'),
(1034, 9, 'B', '香蕉', NULL, NULL, 1, 2, '2026-03-20 00:00:00'),
(1035, 9, 'C', '葡萄', NULL, NULL, 0, 3, '2026-03-20 00:00:00'),
(1036, 9, 'D', '桃子', NULL, NULL, 0, 4, '2026-03-20 00:00:00'),
(1037, 10, 'A', '猫', NULL, NULL, 0, 1, '2026-03-20 00:00:00'),
(1038, 10, 'B', '鸟', NULL, NULL, 0, 2, '2026-03-20 00:00:00'),
(1039, 10, 'C', '狗', NULL, NULL, 1, 3, '2026-03-20 00:00:00'),
(1040, 10, 'D', '鱼', NULL, NULL, 0, 4, '2026-03-20 00:00:00'),
(1041, 11, 'A', '操场', NULL, NULL, 0, 1, '2026-03-20 00:00:00'),
(1042, 11, 'B', '图书馆', NULL, NULL, 1, 2, '2026-03-20 00:00:00'),
(1043, 11, 'C', '教室', NULL, NULL, 0, 3, '2026-03-20 00:00:00'),
(1044, 11, 'D', '餐厅', NULL, NULL, 0, 4, '2026-03-20 00:00:00'),
(1045, 12, 'A', 'orange', NULL, NULL, 1, 1, '2026-03-20 00:00:00'),
(1046, 12, 'B', 'onion', NULL, NULL, 0, 2, '2026-03-20 00:00:00'),
(1047, 12, 'C', 'olive', NULL, NULL, 0, 3, '2026-03-20 00:00:00'),
(1048, 12, 'D', 'ocean', NULL, NULL, 0, 4, '2026-03-20 00:00:00'),
(1049, 13, 'A', '午餐', NULL, NULL, 0, 1, '2026-03-20 00:00:00'),
(1050, 13, 'B', '晚餐', NULL, NULL, 0, 2, '2026-03-20 00:00:00'),
(1051, 13, 'C', '早餐', NULL, NULL, 1, 3, '2026-03-20 00:00:00'),
(1052, 13, 'D', '点心', NULL, NULL, 0, 4, '2026-03-20 00:00:00'),
(1053, 14, 'A', 'dirty', NULL, NULL, 0, 1, '2026-03-20 00:00:00'),
(1054, 14, 'B', 'quiet', NULL, NULL, 0, 2, '2026-03-20 00:00:00'),
(1055, 14, 'C', 'clean', NULL, NULL, 1, 3, '2026-03-20 00:00:00'),
(1056, 14, 'D', 'busy', NULL, NULL, 0, 4, '2026-03-20 00:00:00'),
(1057, 15, 'A', 'road', NULL, NULL, 0, 1, '2026-03-20 00:00:00'),
(1058, 15, 'B', 'river', NULL, NULL, 1, 2, '2026-03-20 00:00:00'),
(1059, 15, 'C', 'roof', NULL, NULL, 0, 3, '2026-03-20 00:00:00'),
(1060, 15, 'D', 'room', NULL, NULL, 0, 4, '2026-03-20 00:00:00'),
(1061, 16, 'A', '星期一', NULL, NULL, 1, 1, '2026-03-20 00:00:00'),
(1062, 16, 'B', '星期三', NULL, NULL, 0, 2, '2026-03-20 00:00:00'),
(1063, 16, 'C', '星期五', NULL, NULL, 0, 3, '2026-03-20 00:00:00'),
(1064, 16, 'D', '周末', NULL, NULL, 0, 4, '2026-03-20 00:00:00'),
(1065, 17, 'A', 'hungry', NULL, NULL, 0, 1, '2026-03-20 00:00:00'),
(1066, 17, 'B', 'thirsty', NULL, NULL, 1, 2, '2026-03-20 00:00:00'),
(1067, 17, 'C', 'happy', NULL, NULL, 0, 3, '2026-03-20 00:00:00'),
(1068, 17, 'D', 'careful', NULL, NULL, 0, 4, '2026-03-20 00:00:00'),
(1069, 18, 'A', '铅笔', NULL, NULL, 0, 1, '2026-03-20 00:00:00'),
(1070, 18, 'B', '书包', NULL, NULL, 0, 2, '2026-03-20 00:00:00'),
(1071, 18, 'C', '笔记本', NULL, NULL, 1, 3, '2026-03-20 00:00:00'),
(1072, 18, 'D', '尺子', NULL, NULL, 0, 4, '2026-03-20 00:00:00'),
(1073, 19, 'A', 'careful', NULL, NULL, 1, 1, '2026-03-20 00:00:00'),
(1074, 19, 'B', 'late', NULL, NULL, 0, 2, '2026-03-20 00:00:00'),
(1075, 19, 'C', 'empty', NULL, NULL, 0, 3, '2026-03-20 00:00:00'),
(1076, 19, 'D', 'cheap', NULL, NULL, 0, 4, '2026-03-20 00:00:00'),
(1077, 20, 'A', 'blackboard', NULL, NULL, 0, 1, '2026-03-20 00:00:00'),
(1078, 20, 'B', 'pencil case', NULL, NULL, 1, 2, '2026-03-20 00:00:00'),
(1079, 20, 'C', 'backpack', NULL, NULL, 0, 3, '2026-03-20 00:00:00'),
(1080, 20, 'D', 'basket', NULL, NULL, 0, 4, '2026-03-20 00:00:00'),
(1081, 21, 'A', '河流', NULL, NULL, 0, 1, '2026-03-20 00:00:00'),
(1082, 21, 'B', '平原', NULL, NULL, 0, 2, '2026-03-20 00:00:00'),
(1083, 21, 'C', '山', NULL, NULL, 1, 3, '2026-03-20 00:00:00'),
(1084, 21, 'D', '森林', NULL, NULL, 0, 4, '2026-03-20 00:00:00'),
(1085, 22, 'A', 'camera', NULL, NULL, 0, 1, '2026-03-20 00:00:00'),
(1086, 22, 'B', 'calendar', NULL, NULL, 1, 2, '2026-03-20 00:00:00'),
(1087, 22, 'C', 'candle', NULL, NULL, 0, 3, '2026-03-20 00:00:00'),
(1088, 22, 'D', 'carpet', NULL, NULL, 0, 4, '2026-03-20 00:00:00'),
(1089, 23, 'A', '雨伞', NULL, NULL, 1, 1, '2026-03-20 00:00:00'),
(1090, 23, 'B', '手套', NULL, NULL, 0, 2, '2026-03-20 00:00:00'),
(1091, 23, 'C', '围巾', NULL, NULL, 0, 3, '2026-03-20 00:00:00'),
(1092, 23, 'D', '毛衣', NULL, NULL, 0, 4, '2026-03-20 00:00:00'),
(1093, 24, 'A', 'borrow', NULL, NULL, 1, 1, '2026-03-20 00:00:00'),
(1094, 24, 'B', 'break', NULL, NULL, 0, 2, '2026-03-20 00:00:00'),
(1095, 24, 'C', 'build', NULL, NULL, 0, 3, '2026-03-20 00:00:00'),
(1096, 24, 'D', 'burn', NULL, NULL, 0, 4, '2026-03-20 00:00:00'),
(1097, 25, 'A', 'sports center', NULL, NULL, 0, 1, '2026-03-20 00:00:00'),
(1098, 25, 'B', 'science museum', NULL, NULL, 1, 2, '2026-03-20 00:00:00'),
(1099, 25, 'C', 'supermarket', NULL, NULL, 0, 3, '2026-03-20 00:00:00'),
(1100, 25, 'D', 'train station', NULL, NULL, 0, 4, '2026-03-20 00:00:00'),
(1101, 26, 'A', '大喊', NULL, NULL, 0, 1, '2026-03-20 00:00:00'),
(1102, 26, 'B', '低声说', NULL, NULL, 1, 2, '2026-03-20 00:00:00'),
(1103, 26, 'C', '跳舞', NULL, NULL, 0, 3, '2026-03-20 00:00:00'),
(1104, 26, 'D', '画画', NULL, NULL, 0, 4, '2026-03-20 00:00:00'),
(1105, 27, 'A', 'delicious', NULL, NULL, 1, 1, '2026-03-20 00:00:00'),
(1106, 27, 'B', 'dangerous', NULL, NULL, 0, 2, '2026-03-20 00:00:00'),
(1107, 27, 'C', 'difficult', NULL, NULL, 0, 3, '2026-03-20 00:00:00'),
(1108, 27, 'D', 'different', NULL, NULL, 0, 4, '2026-03-20 00:00:00'),
(1109, 28, 'A', '粗心的', NULL, NULL, 0, 1, '2026-03-20 00:00:00'),
(1110, 28, 'B', '勇敢的', NULL, NULL, 0, 2, '2026-03-20 00:00:00'),
(1111, 28, 'C', '小心的', NULL, NULL, 1, 3, '2026-03-20 00:00:00'),
(1112, 28, 'D', '疲惫的', NULL, NULL, 0, 4, '2026-03-20 00:00:00'),
(1113, 29, 'A', '旅程', NULL, NULL, 1, 1, '2026-03-20 00:00:00'),
(1114, 29, 'B', '比赛', NULL, NULL, 0, 2, '2026-03-20 00:00:00'),
(1115, 29, 'C', '作业', NULL, NULL, 0, 3, '2026-03-20 00:00:00'),
(1116, 29, 'D', '决定', NULL, NULL, 0, 4, '2026-03-20 00:00:00'),
(1117, 30, 'A', '面试', NULL, NULL, 1, 1, '2026-03-20 00:00:00'),
(1118, 30, 'B', '邀请', NULL, NULL, 0, 2, '2026-03-20 00:00:00'),
(1119, 30, 'C', '介绍', NULL, NULL, 0, 3, '2026-03-20 00:00:00'),
(1120, 30, 'D', '发明', NULL, NULL, 0, 4, '2026-03-20 00:00:00'),
(1121, 31, 'A', '重新设计', NULL, NULL, 0, 1, '2026-03-20 00:00:00'),
(1122, 31, 'B', '回收利用', NULL, NULL, 1, 2, '2026-03-20 00:00:00'),
(1123, 31, 'C', '重新开始', NULL, NULL, 0, 3, '2026-03-20 00:00:00'),
(1124, 31, 'D', '修理', NULL, NULL, 0, 4, '2026-03-20 00:00:00'),
(1125, 32, 'A', 'festival', NULL, NULL, 1, 1, '2026-03-20 00:00:00'),
(1126, 32, 'B', 'factory', NULL, NULL, 0, 2, '2026-03-20 00:00:00'),
(1127, 32, 'C', 'forest', NULL, NULL, 0, 3, '2026-03-20 00:00:00'),
(1128, 32, 'D', 'future', NULL, NULL, 0, 4, '2026-03-20 00:00:00'),
(1129, 33, 'A', '志愿者', NULL, NULL, 1, 1, '2026-03-20 00:00:00'),
(1130, 33, 'B', '记者', NULL, NULL, 0, 2, '2026-03-20 00:00:00'),
(1131, 33, 'C', '工程师', NULL, NULL, 0, 3, '2026-03-20 00:00:00'),
(1132, 33, 'D', '经理', NULL, NULL, 0, 4, '2026-03-20 00:00:00'),
(1133, 34, 'A', 'produce', NULL, NULL, 0, 1, '2026-03-20 00:00:00'),
(1134, 34, 'B', 'predict', NULL, NULL, 1, 2, '2026-03-20 00:00:00'),
(1135, 34, 'C', 'protect', NULL, NULL, 0, 3, '2026-03-20 00:00:00'),
(1136, 34, 'D', 'prefer', NULL, NULL, 0, 4, '2026-03-20 00:00:00'),
(1137, 35, 'A', 'exercise', NULL, NULL, 0, 1, '2026-03-20 00:00:00'),
(1138, 35, 'B', 'exam', NULL, NULL, 0, 2, '2026-03-20 00:00:00'),
(1139, 35, 'C', 'experiment', NULL, NULL, 1, 3, '2026-03-20 00:00:00'),
(1140, 35, 'D', 'exchange', NULL, NULL, 0, 4, '2026-03-20 00:00:00'),
(1141, 36, 'A', '昂贵的', NULL, NULL, 0, 1, '2026-03-20 00:00:00'),
(1142, 36, 'B', '方便的', NULL, NULL, 1, 2, '2026-03-20 00:00:00'),
(1143, 36, 'C', '干净的', NULL, NULL, 0, 3, '2026-03-20 00:00:00'),
(1144, 36, 'D', '拥挤的', NULL, NULL, 0, 4, '2026-03-20 00:00:00'),
(1145, 37, 'A', 'nervous', NULL, NULL, 1, 1, '2026-03-20 00:00:00'),
(1146, 37, 'B', 'ancient', NULL, NULL, 0, 2, '2026-03-20 00:00:00'),
(1147, 37, 'C', 'active', NULL, NULL, 0, 3, '2026-03-20 00:00:00'),
(1148, 37, 'D', 'honest', NULL, NULL, 0, 4, '2026-03-20 00:00:00'),
(1149, 38, 'A', '现代的', NULL, NULL, 0, 1, '2026-03-20 00:00:00'),
(1150, 38, 'B', '古老的', NULL, NULL, 1, 2, '2026-03-20 00:00:00'),
(1151, 38, 'C', '重要的', NULL, NULL, 0, 3, '2026-03-20 00:00:00'),
(1152, 38, 'D', '特殊的', NULL, NULL, 0, 4, '2026-03-20 00:00:00'),
(1153, 39, 'A', '条件', NULL, NULL, 0, 1, '2026-03-20 00:00:00'),
(1154, 39, 'B', '步骤', NULL, NULL, 0, 2, '2026-03-20 00:00:00'),
(1155, 39, 'C', '解决方案', NULL, NULL, 1, 3, '2026-03-20 00:00:00'),
(1156, 39, 'D', '提醒', NULL, NULL, 0, 4, '2026-03-20 00:00:00'),
(1157, 40, 'A', '气候', NULL, NULL, 1, 1, '2026-03-20 00:00:00'),
(1158, 40, 'B', '季节', NULL, NULL, 0, 2, '2026-03-20 00:00:00'),
(1159, 40, 'C', '环境', NULL, NULL, 0, 3, '2026-03-20 00:00:00'),
(1160, 40, 'D', '天气预报', NULL, NULL, 0, 4, '2026-03-20 00:00:00'),
(1161, 41, 'A', '证据', NULL, NULL, 0, 1, '2026-03-20 00:00:00'),
(1162, 41, 'B', '结论', NULL, NULL, 1, 2, '2026-03-20 00:00:00'),
(1163, 41, 'C', '比较', NULL, NULL, 0, 3, '2026-03-20 00:00:00'),
(1164, 41, 'D', '假设', NULL, NULL, 0, 4, '2026-03-20 00:00:00'),
(1165, 42, 'A', 'attitude', NULL, NULL, 0, 1, '2026-03-20 00:00:00'),
(1166, 42, 'B', 'atmosphere', NULL, NULL, 1, 2, '2026-03-20 00:00:00'),
(1167, 42, 'C', 'audience', NULL, NULL, 0, 3, '2026-03-20 00:00:00'),
(1168, 42, 'D', 'article', NULL, NULL, 0, 4, '2026-03-20 00:00:00'),
(1169, 43, 'A', '高效的', NULL, NULL, 1, 1, '2026-03-20 00:00:00'),
(1170, 43, 'B', '公平的', NULL, NULL, 0, 2, '2026-03-20 00:00:00'),
(1171, 43, 'C', '频繁的', NULL, NULL, 0, 3, '2026-03-20 00:00:00'),
(1172, 43, 'D', '独立的', NULL, NULL, 0, 4, '2026-03-20 00:00:00'),
(1173, 44, 'A', 'mention', NULL, NULL, 0, 1, '2026-03-20 00:00:00'),
(1174, 44, 'B', 'maintain', NULL, NULL, 1, 2, '2026-03-20 00:00:00'),
(1175, 44, 'C', 'measure', NULL, NULL, 0, 3, '2026-03-20 00:00:00'),
(1176, 44, 'D', 'memorize', NULL, NULL, 0, 4, '2026-03-20 00:00:00'),
(1177, 45, 'A', 'transport', NULL, NULL, 0, 1, '2026-03-20 00:00:00'),
(1178, 45, 'B', 'translate', NULL, NULL, 1, 2, '2026-03-20 00:00:00'),
(1179, 45, 'C', 'transform', NULL, NULL, 0, 3, '2026-03-20 00:00:00'),
(1180, 45, 'D', 'transfer', NULL, NULL, 0, 4, '2026-03-20 00:00:00'),
(1181, 46, 'A', '建议', NULL, NULL, 0, 1, '2026-03-20 00:00:00'),
(1182, 46, 'B', '证据', NULL, NULL, 1, 2, '2026-03-20 00:00:00'),
(1183, 46, 'C', '经验', NULL, NULL, 0, 3, '2026-03-20 00:00:00'),
(1184, 46, 'D', '实验', NULL, NULL, 0, 4, '2026-03-20 00:00:00'),
(1185, 47, 'A', 'Despite', NULL, NULL, 1, 1, '2026-03-20 00:00:00'),
(1186, 47, 'B', 'During', NULL, NULL, 0, 2, '2026-03-20 00:00:00'),
(1187, 47, 'C', 'Without', NULL, NULL, 0, 3, '2026-03-20 00:00:00'),
(1188, 47, 'D', 'Toward', NULL, NULL, 0, 4, '2026-03-20 00:00:00'),
(1189, 48, 'A', '申请', NULL, NULL, 0, 1, '2026-03-20 00:00:00'),
(1190, 48, 'B', '欣赏；感激', NULL, NULL, 1, 2, '2026-03-20 00:00:00'),
(1191, 48, 'C', '安排', NULL, NULL, 0, 3, '2026-03-20 00:00:00'),
(1192, 48, 'D', '避免', NULL, NULL, 0, 4, '2026-03-20 00:00:00'),
(1193, 49, 'A', '收集', NULL, NULL, 0, 1, '2026-03-20 00:00:00'),
(1194, 49, 'B', '分析', NULL, NULL, 1, 2, '2026-03-20 00:00:00'),
(1195, 49, 'C', '复制', NULL, NULL, 0, 3, '2026-03-20 00:00:00'),
(1196, 49, 'D', '发布', NULL, NULL, 0, 4, '2026-03-20 00:00:00'),
(1197, 50, 'A', '庆祝', NULL, NULL, 0, 1, '2026-03-20 00:00:00'),
(1198, 50, 'B', '犹豫', NULL, NULL, 1, 2, '2026-03-20 00:00:00'),
(1199, 50, 'C', '坚持', NULL, NULL, 0, 3, '2026-03-20 00:00:00'),
(1200, 50, 'D', '抱怨', NULL, NULL, 0, 4, '2026-03-20 00:00:00');
